{"options":{"check_for_updates":true,"comment":null,"compat_foreach":false,"compat_metadata":false,"compat_powerful_this":null,"compat_wrappedjsobject":false,"compatopts_for_requires":true,"noframes":null,"override":{"merge_connects":true,"merge_excludes":true,"merge_includes":true,"merge_matches":true,"orig_connects":[],"orig_excludes":[],"orig_includes":[],"orig_matches":["https://www.torn.com/page.php?sid=racing*","https://www.torn.com/loader.php?sid=racing*"],"orig_noframes":null,"orig_run_at":"document-body","orig_run_in":[],"use_blockers":[],"use_connects":[],"use_excludes":[],"use_includes":[],"use_matches":[]},"run_at":null,"run_in":null,"sandbox":null,"tags":[],"unwrap":null,"user_modified":null},"settings":{"enabled":true,"position":8},"meta":{"name":"BrainRacing: Extra Lap Statistics","uuid":"8c6944ae-238b-41e9-8a58-5d4bdf2fe952","modified":1720008323036,"file_url":"https://raw.githubusercontent.com/br41nslug/torn-brainscripts/main/scripts/racing-lap-statistics.user.js"}}