{"ts":1741733417151,"data":{"cthelper_hardy_prefs":"s{\"color\":{\"color_items\":\"#e4e461\",\"color_gold_chest\":\"#e4e461\",\"color_silver_chest\":\"#e4e461\",\"color_bronze_chest\":\"#e4e461\",\"color_combo_chest\":\"#e4e461\",\"color_chest_keys\":\"#e4e461\",\"color_highlight_santa\":\"#ff6200\",\"color_highlight_npc\":\"#ff6200\"},\"checkbox\":{\"items\":\"yes\",\"gold_chest\":\"yes\",\"silver_chest\":\"yes\",\"bronze_chest\":\"yes\",\"combo_chest\":\"yes\",\"chest_keys\":\"yes\",\"highlight_santa\":\"yes\",\"highlight_npc\":\"no\",\"wreath\":\"no\",\"snowball_shooter\":\"yes\",\"santa_clawz\":\"yes\",\"word_fixer\":\"yes\",\"hangman\":\"yes\",\"typoGame\":\"yes\",\"chirp_alert_ct\":\"no\",\"garland\":\"yes\"}}","last_prune":"n1734831245","last_update_item_metadata":"n1735632257.108"}}