{"options":{"check_for_updates":true,"comment":null,"compat_foreach":false,"compat_metadata":false,"compat_powerful_this":null,"compat_wrappedjsobject":false,"compatopts_for_requires":true,"noframes":null,"override":{"merge_connects":true,"merge_excludes":true,"merge_includes":true,"merge_matches":true,"orig_connects":["script.google.com","script.googleusercontent.com"],"orig_excludes":[],"orig_includes":[],"orig_matches":["https://www.torn.com/christmas_town.php*"],"orig_noframes":null,"orig_run_at":"document-idle","orig_run_in":[],"orig_tags":[],"use_blockers":[],"use_connects":[],"use_excludes":[],"use_includes":[],"use_matches":[]},"run_at":null,"run_in":null,"sandbox":null,"tags":[],"unwrap":null,"user_modified":null},"settings":{"enabled":true,"position":15},"meta":{"name":"Christmas Town Helper","uuid":"8249336c-a932-4960-ad96-9183fdf14b7f","modified":1743420823438,"file_url":"https://github.com/sid-the-sloth1/torn-qol-scripts/raw/refs/heads/main/Christmas%20Town.user.js"}}