{"options":{"check_for_updates":true,"comment":null,"compat_foreach":false,"compat_metadata":false,"compat_powerful_this":null,"compat_wrappedjsobject":false,"compatopts_for_requires":true,"noframes":null,"override":{"merge_connects":true,"merge_excludes":true,"merge_includes":true,"merge_matches":true,"orig_connects":[],"orig_excludes":[],"orig_includes":[],"orig_matches":["https://www.torn.com/companies.php*","https://www.torn.com/joblist.php*"],"orig_noframes":null,"orig_run_at":"document-end","orig_run_in":[],"use_blockers":[],"use_connects":[],"use_excludes":[],"use_includes":[],"use_matches":[]},"run_at":null,"run_in":null,"sandbox":null,"tags":[],"unwrap":null,"user_modified":1717587932561},"settings":{"enabled":true,"position":14},"meta":{"name":"Company Inactivity Highlight","uuid":"d3835fc8-228e-4ff5-8aba-51c31a5d7113","modified":1719488851436,"file_url":"https://update.greasyfork.org/scripts/482250/Company%20Inactivity%20Highlight.user.js"}}