{"options":{"check_for_updates":true,"comment":null,"compat_foreach":false,"compat_metadata":false,"compat_powerful_this":null,"compat_wrappedjsobject":false,"compatopts_for_requires":true,"noframes":null,"override":{"merge_connects":true,"merge_excludes":true,"merge_includes":true,"merge_matches":true,"orig_connects":[],"orig_excludes":[],"orig_includes":[],"orig_matches":["https://www.torn.com/crimes.php*","https://www.torn.com/loader.php?sid=crimes*"],"orig_noframes":null,"orig_run_at":"document-idle","orig_run_in":[],"orig_tags":[],"use_blockers":[],"use_connects":[],"use_excludes":[],"use_includes":[],"use_matches":[]},"run_at":null,"run_in":null,"sandbox":null,"tags":[],"unwrap":null,"user_modified":null},"settings":{"enabled":true,"position":4},"meta":{"name":"Disposal J.A.R.V.I.S.","uuid":"4c40120d-0219-4b2a-ba02-d0f6c4ce3299","modified":1736422919149,"file_url":"https://update.greasyfork.org/scripts/480866/Disposal%20JARVIS.user.js"}}