{"options":{"check_for_updates":true,"comment":null,"compat_foreach":false,"compat_metadata":false,"compat_powerful_this":null,"compat_wrappedjsobject":false,"compatopts_for_requires":true,"noframes":null,"override":{"merge_connects":true,"merge_excludes":true,"merge_includes":true,"merge_matches":true,"orig_connects":[],"orig_excludes":[],"orig_includes":[],"orig_matches":["https://www.torn.com/*"],"orig_noframes":null,"orig_run_at":"document-idle","orig_run_in":[],"use_blockers":[],"use_connects":[],"use_excludes":[],"use_includes":[],"use_matches":[]},"run_at":null,"run_in":null,"sandbox":null,"tags":[],"unwrap":null,"user_modified":null},"settings":{"enabled":true,"position":2},"meta":{"name":"easy-market","uuid":"cbabd629-d584-4223-a7be-e0415bdb579b","modified":1719488851428,"file_url":"https://update.greasyfork.org/scripts/477956/easy-market.user.js"}}