{"ts":1741733417137,"data":{"easy_market_cache":"o{\"4032818634\": {\"ID\": 399,\"UID\": 4032818634,\"name\": \"ArmaLite M-15A4\",\"quality\": \"9.87\",\"damage\": 68.73,\"accuracy\": 57.26},\"7048989650\": {\"ID\": 49,\"UID\": 7048989650,\"name\": \"Full Body Armor\",\"quality\": \"0.00\",\"armor\": 31},\"7313425375\": {\"ID\": 49,\"UID\": 7313425375,\"name\": \"Full Body Armor\",\"quality\": \"0.00\",\"armor\": 31},\"7800567447\": {\"ID\": 332,\"UID\": 7800567447,\"name\": \"Combat Vest\",\"quality\": \"64.93\",\"armor\": 41.25},\"10962337505\": {\"ID\": 666,\"UID\": 10962337505,\"name\": \"Assault Body\",\"quality\": \"50.09\",\"armor\": 48.5,\"bonuses\": {\"Impenetrable\": {\"icon\": \"bonus-attachment-bullets-protection\",\"description\": \"21% decreased incoming bullet damage\",\"bonus\": \"Impenetrable\",\"value\": 21}}},\"9763719354\": {\"ID\": 668,\"UID\": 9763719354,\"name\": \"Assault Boots\",\"quality\": \"7.56\",\"armor\": 46.38,\"bonuses\": {\"Impenetrable\": {\"icon\": \"bonus-attachment-bullets-protection\",\"description\": \"20% decreased incoming bullet damage\",\"bonus\": \"Impenetrable\",\"value\": 20}}},\"10660437948\": {\"ID\": 669,\"UID\": 10660437948,\"name\": \"Assault Gloves\",\"quality\": \"23.19\",\"armor\": 47.16,\"bonuses\": {\"Impenetrable\": {\"icon\": \"bonus-attachment-bullets-protection\",\"description\": \"21% decreased incoming bullet damage\",\"bonus\": \"Impenetrable\",\"value\": 21}}},\"10660449729\": {\"ID\": 666,\"UID\": 10660449729,\"name\": \"Assault Body\",\"quality\": \"32.95\",\"armor\": 47.65,\"bonuses\": {\"Impenetrable\": {\"icon\": \"bonus-attachment-bullets-protection\",\"description\": \"21% decreased incoming bullet damage\",\"bonus\": \"Impenetrable\",\"value\": 21}}},\"10667695579\": {\"ID\": 667,\"UID\": 10667695579,\"name\": \"Assault Pants\",\"quality\": \"33.01\",\"armor\": 47.65,\"bonuses\": {\"Impenetrable\": {\"icon\": \"bonus-attachment-bullets-protection\",\"description\": \"23% decreased incoming bullet damage\",\"bonus\": \"Impenetrable\",\"value\": 23}}},\"10662280156\": {\"ID\": 665,\"UID\": 10662280156,\"name\": \"Assault Helmet\",\"quality\": \"49.17\",\"armor\": 48.46,\"bonuses\": {\"Impenetrable\": {\"icon\": \"bonus-attachment-bullets-protection\",\"description\": \"20% decreased incoming bullet damage\",\"bonus\": \"Impenetrable\",\"value\": 20}}},\"10644767127\": {\"ID\": 219,\"UID\": 10644767127,\"name\": \"Enfield SA-80\",\"quality\": \"26.88\",\"damage\": 65.57,\"accuracy\": 55.12},\"10525265665\": {\"ID\": 219,\"UID\": 10525265665,\"name\": \"Enfield SA-80\",\"quality\": \"2.01\",\"damage\": 63.14,\"accuracy\": 55.06},\"10594553634\": {\"ID\": 231,\"UID\": 10594553634,\"name\": \"Heckler & Koch SL8\",\"quality\": \"33.58\",\"damage\": 61.41,\"accuracy\": 47.95},\"7949956264\": {\"ID\": 223,\"UID\": 7949956264,\"name\": \"Jackhammer\",\"quality\": \"17.97\",\"damage\": 69.35,\"accuracy\": 53.44},\"10407627449\": {\"ID\": 174,\"UID\": 10407627449,\"name\": \"XM8 Rifle\",\"quality\": \"43.68\",\"damage\": 52.7,\"accuracy\": 57.67},\"8587661606\": {\"ID\": 30,\"UID\": 8587661606,\"name\": \"Steyr AUG\",\"quality\": \"40.47\",\"damage\": 65.35,\"accuracy\": 47.69},\"10859284045\": {\"ID\": 219,\"UID\": 10859284045,\"name\": \"Enfield SA-80\",\"quality\": \"113.63\",\"damage\": 70.51,\"accuracy\": 58.86,\"bonuses\": {\"Focus\": {\"icon\": \"bonus-attachment-focus\",\"description\": \"17% increased hit chance for every miss\",\"bonus\": \"Focus\",\"value\": 17}}},\"9196206617\": {\"ID\": 25,\"UID\": 9196206617,\"name\": \"P90\",\"quality\": \"127.15\",\"damage\": 55.67,\"accuracy\": 56.05,\"bonuses\": {\"Quicken\": {\"icon\": \"bonus-attachment-quicken\",\"description\": \"67% increased passive speed while using this weapon\",\"bonus\": \"Quicken\",\"value\": 67}}},\"10479383728\": {\"ID\": 228,\"UID\": 10479383728,\"name\": \"Vektor CR-21\",\"quality\": \"160.61\",\"damage\": 59.92,\"accuracy\": 54.14,\"bonuses\": {\"Puncture\": {\"icon\": \"bonus-attachment-puncture\",\"description\": \"34% chance of ignoring armor\",\"bonus\": \"Puncture\",\"value\": 34}}},\"11053113855\": {\"ID\": 233,\"UID\": 11053113855,\"name\": \"BT MP9\",\"quality\": \"117.31\",\"damage\": 67.4,\"accuracy\": 60.33,\"bonuses\": {\"Powerful\": {\"icon\": \"bonus-attachment-powerful\",\"description\": \"15% increased damage\",\"bonus\": \"Powerful\",\"value\": 15}}},\"10634674380\": {\"ID\": 16,\"UID\": 10634674380,\"name\": \"USP\",\"quality\": \"130.22\",\"damage\": 52.02,\"accuracy\": 63.01,\"bonuses\": {\"Execute\": {\"icon\": \"bonus-attachment-execute\",\"description\": \"Instantly defeats a target if they're below 16% life\",\"bonus\": \"Execute\",\"value\": 16}}},\"10221677961\": {\"ID\": 9,\"UID\": 10221677961,\"name\": \"Scimitar\",\"quality\": \"127.36\",\"damage\": 48.52,\"accuracy\": 62.22,\"bonuses\": {\"Empower\": {\"icon\": \"bonus-attachment-empower\",\"description\": \"76% increased passive strength while using this weapon\",\"bonus\": \"Empower\",\"value\": 76}}},\"9095354195\": {\"ID\": 236,\"UID\": 9095354195,\"name\": \"Kama\",\"quality\": \"97.19\",\"damage\": 41.07,\"accuracy\": 58.64,\"bonuses\": {\"Eviscerate\": {\"icon\": \"bonus-attachment-evicerate\",\"description\": \"Eviscerates opponent causing them 17% extra damage on further hits\",\"bonus\": \"Eviscerate\",\"value\": 17}}},\"11202356193\": {\"ID\": 6,\"UID\": 11202356193,\"name\": \"Kitchen Knife\",\"quality\": \"6.28\",\"damage\": 25.43,\"accuracy\": 55.19},\"7136413000\": {\"ID\": 9,\"UID\": 7136413000,\"name\": \"Scimitar\",\"quality\": \"20.57\",\"damage\": 40.55,\"accuracy\": 59.5},\"10760483035\": {\"ID\": 219,\"UID\": 10760483035,\"name\": \"Enfield SA-80\",\"quality\": \"6.93\",\"damage\": 63.27,\"accuracy\": 55.42},\"10784726957\": {\"ID\": 219,\"UID\": 10784726957,\"name\": \"Enfield SA-80\",\"quality\": \"13.21\",\"damage\": 63.44,\"accuracy\": 55.88},\"8802944917\": {\"ID\": 219,\"UID\": 8802944917,\"name\": \"Enfield SA-80\",\"quality\": \"13.10\",\"damage\": 63.1,\"accuracy\": 56.21},\"10586709802\": {\"ID\": 219,\"UID\": 10586709802,\"name\": \"Enfield SA-80\",\"quality\": \"52.65\",\"damage\": 64.54,\"accuracy\": 58.72},\"10699113789\": {\"ID\": 219,\"UID\": 10699113789,\"name\": \"Enfield SA-80\",\"quality\": \"45.25\",\"damage\": 65.01,\"accuracy\": 57.51},\"7827062208\": {\"ID\": 219,\"UID\": 7827062208,\"name\": \"Enfield SA-80\",\"quality\": \"13.20\",\"damage\": 63.21,\"accuracy\": 56.11},\"6667470778\": {\"ID\": 31,\"UID\": 6667470778,\"name\": \"M249 SAW\",\"quality\": \"15.12\",\"damage\": 68.44,\"accuracy\": 41.07},\"11206740117\": {\"ID\": 231,\"UID\": 11206740117,\"name\": \"Heckler & Koch SL8\",\"quality\": \"32.87\",\"damage\": 61.91,\"accuracy\": 47.37},\"10594556866\": {\"ID\": 241,\"UID\": 10594556866,\"name\": \"Bushmaster Carbon 15\",\"quality\": \"4.68\",\"damage\": 50.26,\"accuracy\": 57.21},\"10390470493\": {\"ID\": 23,\"UID\": 10390470493,\"name\": \"Benelli M1 Tactical\",\"quality\": \"32.06\",\"damage\": 39.85,\"accuracy\": 67.35},\"10538370269\": {\"ID\": 1257,\"UID\": 10538370269,\"name\": \"Cattle Prod\",\"quality\": \"9.37\",\"damage\": 1.53,\"accuracy\": 59.41,\"bonuses\": {\"Shock\": {\"icon\": \"bonus-attachment-shock\",\"description\": \"78% chance to Shock opponent causing them to miss the next turn\",\"bonus\": \"Shock\",\"value\": 78}}},\"7759231553\": {\"ID\": 237,\"UID\": 7759231553,\"name\": \"Kodachi\",\"quality\": \"31.57\",\"damage\": 63.69,\"accuracy\": 57.46},\"8065738345\": {\"ID\": 244,\"UID\": 8065738345,\"name\": \"Blowgun\",\"quality\": \"21.76\",\"damage\": 15.09,\"accuracy\": 41.09,\"bonuses\": {\"Poison\": {\"icon\": \"bonus-attachment-poisoned\",\"description\": \"89% chance to Poison opponent causing 950% damage over 19 turns\",\"bonus\": \"Poison\",\"value\": 89}}},\"10043873530\": {\"ID\": 175,\"UID\": 10043873530,\"name\": \"Taser\",\"quality\": \"45.74\",\"damage\": 4.63,\"accuracy\": 54.94,\"bonuses\": {\"Shock\": {\"icon\": \"bonus-attachment-shock\",\"description\": \"100% chance to Shock opponent causing them to miss the next turn\",\"bonus\": \"Shock\",\"value\": 100}}},\"10536210689\": {\"ID\": 230,\"UID\": 10536210689,\"name\": \"Flare Gun\",\"quality\": \"34.78\",\"damage\": 21.36,\"accuracy\": 22.11},\"8636629269\": {\"ID\": 255,\"UID\": 8636629269,\"name\": \"Flamethrower\",\"quality\": \"24.94\",\"damage\": 67.99,\"accuracy\": 40.51,\"bonuses\": {\"Burn\": {\"icon\": \"bonus-attachment-burning\",\"description\": \"35% chance to Burn opponent causing 90% damage over 3 turns\",\"bonus\": \"Burn\",\"value\": 35}}},\"11745150907\": {\"ID\": 175,\"UID\": 11745150907,\"name\": \"Taser\",\"quality\": \"35.60\",\"damage\": 3.44,\"accuracy\": 55.12,\"bonuses\": {\"Shock\": {\"icon\": \"bonus-attachment-shock\",\"description\": \"100% chance to Shock opponent causing them to miss the next turn\",\"bonus\": \"Shock\",\"value\": 100}}},\"11138255219\": {\"ID\": 177,\"UID\": 11138255219,\"name\": \"Cobra Derringer\",\"quality\": \"39.01\",\"damage\": 61.67,\"accuracy\": 56.23},\"10631714319\": {\"ID\": 177,\"UID\": 10631714319,\"name\": \"Cobra Derringer\",\"quality\": \"38.19\",\"damage\": 63,\"accuracy\": 54.82},\"11206742156\": {\"ID\": 177,\"UID\": 11206742156,\"name\": \"Cobra Derringer\",\"quality\": \"33.10\",\"damage\": 63.68,\"accuracy\": 53.63},\"11153097767\": {\"ID\": 177,\"UID\": 11153097767,\"name\": \"Cobra Derringer\",\"quality\": \"30.73\",\"damage\": 62.24,\"accuracy\": 54.83},\"11192229495\": {\"ID\": 177,\"UID\": 11192229495,\"name\": \"Cobra Derringer\",\"quality\": \"26.23\",\"damage\": 62.54,\"accuracy\": 54.08},\"11174403216\": {\"ID\": 177,\"UID\": 11174403216,\"name\": \"Cobra Derringer\",\"quality\": \"24.52\",\"damage\": 61.54,\"accuracy\": 54.91},\"11217885972\": {\"ID\": 177,\"UID\": 11217885972,\"name\": \"Cobra Derringer\",\"quality\": \"24.90\",\"damage\": 62.68,\"accuracy\": 53.81},\"7620706077\": {\"ID\": 247,\"UID\": 7620706077,\"name\": \"Katana\",\"quality\": \"36.26\",\"damage\": 52.91,\"accuracy\": 57.72},\"9370569882\": {\"ID\": 247,\"UID\": 9370569882,\"name\": \"Katana\",\"quality\": \"26.24\",\"damage\": 52.89,\"accuracy\": 56.73},\"6141534502\": {\"ID\": 247,\"UID\": 6141534502,\"name\": \"Katana\",\"quality\": \"18.70\",\"damage\": 52.74,\"accuracy\": 56.13},\"11824727815\": {\"ID\": 660,\"UID\": 11824727815,\"name\": \"Dune Helmet\",\"quality\": \"4.85\",\"armor\": 44.24,\"bonuses\": {\"Insurmountable\": {\"icon\": \"bonus-attachment-quarter-life-damage-mitigation\",\"description\": \"32% decreased incoming damage when below ÃÂ¼ life\",\"bonus\": \"Insurmountable\",\"value\": 32}}},\"11791466286\": {\"ID\": 219,\"UID\": 11791466286,\"name\": \"Enfield SA-80\",\"quality\": \"133.45\",\"damage\": 71.2,\"accuracy\": 60.14,\"bonuses\": {\"Expose\": {\"icon\": \"bonus-attachment-expose\",\"description\": \"7% increased critical hit rate\",\"bonus\": \"Expose\",\"value\": 7}}},\"11864629507\": {\"ID\": 26,\"UID\": 11864629507,\"name\": \"AK-47\",\"quality\": \"50.39\",\"damage\": 58.72,\"accuracy\": 54.32},\"10401436065\": {\"ID\": 50,\"UID\": 10401436065,\"name\": \"Outer Tactical Vest\",\"quality\": \"23.04\",\"armor\": 37.15},\"10499305755\": {\"ID\": 402,\"UID\": 10499305755,\"name\": \"Ice Pick\",\"quality\": \"21.43\",\"damage\": 51.35,\"accuracy\": 61.79},\"11723598480\": {\"ID\": 346,\"UID\": 11723598480,\"name\": \"Pair of High Heels\",\"quality\": \"16.69\",\"damage\": 40.88,\"accuracy\": 63.79},\"10485666903\": {\"ID\": 440,\"UID\": 10485666903,\"name\": \"Pillow\",\"quality\": \"8.17\",\"damage\": 1.09,\"accuracy\": 63.73},\"9542682952\": {\"ID\": 2,\"UID\": 9542682952,\"name\": \"Baseball Bat\",\"quality\": \"7.18\",\"damage\": 16.53,\"accuracy\": 57.19},\"10619488860\": {\"ID\": 1231,\"UID\": 10619488860,\"name\": \"Golf Club\",\"quality\": \"6.57\",\"damage\": 29.38,\"accuracy\": 59.27},\"11863841875\": {\"ID\": 235,\"UID\": 11863841875,\"name\": \"Wooden Nunchaku\",\"quality\": \"16.19\",\"damage\": 23.58,\"accuracy\": 59.04},\"10281026744\": {\"ID\": 235,\"UID\": 10281026744,\"name\": \"Wooden Nunchaku\",\"quality\": \"7.82\",\"damage\": 22.19,\"accuracy\": 59.59},\"11830700375\": {\"ID\": 146,\"UID\": 11830700375,\"name\": \"Yasukuni Sword\",\"quality\": \"11.25\",\"damage\": 66.07,\"accuracy\": 49.06},\"11864398334\": {\"ID\": 146,\"UID\": 11864398334,\"name\": \"Yasukuni Sword\",\"quality\": \"29.17\",\"damage\": 65.02,\"accuracy\": 51.9},\"9305131085\": {\"ID\": 2,\"UID\": 9305131085,\"name\": \"Baseball Bat\",\"quality\": \"97.92\",\"damage\": 21.88,\"accuracy\": 60.91,\"bonuses\": {\"Powerful\": {\"icon\": \"bonus-attachment-powerful\",\"description\": \"16% increased damage\",\"bonus\": \"Powerful\",\"value\": 16}}},\"8993867170\": {\"ID\": 1,\"UID\": 8993867170,\"name\": \"Hammer\",\"quality\": \"116.51\",\"damage\": 25.24,\"accuracy\": 58.41,\"bonuses\": {\"Fury\": {\"icon\": \"bonus-attachment-fury\",\"description\": \"13% chance of striking twice in a single turn\",\"bonus\": \"Fury\",\"value\": 13}}},\"9017418680\": {\"ID\": 1158,\"UID\": 9017418680,\"name\": \"Meat Hook\",\"quality\": \"31.98\",\"damage\": 63.05,\"accuracy\": 41.14},\"8858702574\": {\"ID\": 28,\"UID\": 8858702574,\"name\": \"Benelli M4 Super\",\"quality\": \"100.56\",\"damage\": 65.33,\"accuracy\": 58.73,\"bonuses\": {\"Bleed\": {\"icon\": \"bonus-attachment-bleed\",\"description\": \"22% chance to apply Bleeding causing 225% damage over 9 turns\",\"bonus\": \"Bleed\",\"value\": 22}}},\"8305979644\": {\"ID\": 233,\"UID\": 8305979644,\"name\": \"BT MP9\",\"quality\": \"11.20\",\"damage\": 61.27,\"accuracy\": 55.85},\"10595819011\": {\"ID\": 613,\"UID\": 10595819011,\"name\": \"Harpoon\",\"quality\": \"37.04\",\"damage\": 49.52,\"accuracy\": 64.18},\"10013952133\": {\"ID\": 16,\"UID\": 10013952133,\"name\": \"USP\",\"quality\": \"40.71\",\"damage\": 45.4,\"accuracy\": 60.68},\"11961180085\": {\"ID\": 652,\"UID\": 11961180085,\"name\": \"Combat Pants\",\"quality\": \"4.41\",\"armor\": 38.22},\"11395752739\": {\"ID\": 654,\"UID\": 11395752739,\"name\": \"Combat Gloves\",\"quality\": \"2.91\",\"armor\": 38.15},\"10546067457\": {\"ID\": 49,\"UID\": 10546067457,\"name\": \"Full Body Armor\",\"quality\": \"49.08\",\"armor\": 33.45},\"9936074520\": {\"ID\": 219,\"UID\": 9936074520,\"name\": \"Enfield SA-80\",\"quality\": \"106.27\",\"damage\": 69.86,\"accuracy\": 58.77,\"bonuses\": {\"Disarm\": {\"icon\": \"bonus-attachment-disarm\",\"description\": \"Disables an opponent's weapon upon a hand or arm hit for 3 turns\",\"bonus\": \"Disarm\",\"value\": 3}}},\"10255467818\": {\"ID\": 612,\"UID\": 10255467818,\"name\": \"Tavor TAR-21\",\"quality\": \"111.67\",\"damage\": 71.76,\"accuracy\": 56.41,\"bonuses\": {\"Deadeye\": {\"icon\": \"bonus-attachment-deadeye\",\"description\": \"31% increased critical hit damage\",\"bonus\": \"Deadeye\",\"value\": 31}}},\"9513000768\": {\"ID\": 219,\"UID\": 9513000768,\"name\": \"Enfield SA-80\",\"quality\": \"128.62\",\"damage\": 71.81,\"accuracy\": 59.05,\"bonuses\": {\"Focus\": {\"icon\": \"bonus-attachment-focus\",\"description\": \"17% increased hit chance for every miss\",\"bonus\": \"Focus\",\"value\": 17}}},\"8862173935\": {\"ID\": 398,\"UID\": 8862173935,\"name\": \"SIG 552\",\"quality\": \"115.02\",\"damage\": 75.62,\"accuracy\": 54.88,\"bonuses\": {\"Sure Shot\": {\"icon\": \"bonus-attachment-sureshot\",\"description\": \"3% chance of a guaranteed hit\",\"bonus\": \"Sure Shot\",\"value\": 3}}},\"12036928779\": {\"ID\": 485,\"UID\": 12036928779,\"name\": \"Skorpion\",\"quality\": \"26.95\",\"damage\": 40.81,\"accuracy\": 55.88},\"11494455358\": {\"ID\": 665,\"UID\": 11494455358,\"name\": \"Assault Helmet\",\"quality\": \"28.78\",\"armor\": 47.44,\"bonuses\": {\"Impenetrable\": {\"icon\": \"bonus-attachment-bullets-protection\",\"description\": \"20% decreased incoming bullet damage\",\"bonus\": \"Impenetrable\",\"value\": 20}}},\"4833102486\": {\"ID\": 651,\"UID\": 4833102486,\"name\": \"Combat Helmet\",\"quality\": \"62.64\",\"armor\": 41.13},\"11921976534\": {\"ID\": 667,\"UID\": 11921976534,\"name\": \"Assault Pants\",\"quality\": \"11.51\",\"armor\": 46.58,\"bonuses\": {\"Impenetrable\": {\"icon\": \"bonus-attachment-bullets-protection\",\"description\": \"22% decreased incoming bullet damage\",\"bonus\": \"Impenetrable\",\"value\": 22}}},\"11921761383\": {\"ID\": 665,\"UID\": 11921761383,\"name\": \"Assault Helmet\",\"quality\": \"18.16\",\"armor\": 46.91,\"bonuses\": {\"Impenetrable\": {\"icon\": \"bonus-attachment-bullets-protection\",\"description\": \"20% decreased incoming bullet damage\",\"bonus\": \"Impenetrable\",\"value\": 20}}},\"11824727673\": {\"ID\": 660,\"UID\": 11824727673,\"name\": \"Dune Helmet\",\"quality\": \"35.83\",\"armor\": 45.79,\"bonuses\": {\"Insurmountable\": {\"icon\": \"bonus-attachment-quarter-life-damage-mitigation\",\"description\": \"30% decreased incoming damage when below ÃÂ¼ life\",\"bonus\": \"Insurmountable\",\"value\": 30}}},\"11981926105\": {\"ID\": 668,\"UID\": 11981926105,\"name\": \"Assault Boots\",\"quality\": \"25.08\",\"armor\": 47.25,\"bonuses\": {\"Impenetrable\": {\"icon\": \"bonus-attachment-bullets-protection\",\"description\": \"22% decreased incoming bullet damage\",\"bonus\": \"Impenetrable\",\"value\": 22}}},\"12001062270\": {\"ID\": 669,\"UID\": 12001062270,\"name\": \"Assault Gloves\",\"quality\": \"17.68\",\"armor\": 46.88,\"bonuses\": {\"Impenetrable\": {\"icon\": \"bonus-attachment-bullets-protection\",\"description\": \"20% decreased incoming bullet damage\",\"bonus\": \"Impenetrable\",\"value\": 20}}},\"8322083311\": {\"ID\": 667,\"UID\": 8322083311,\"name\": \"Assault Pants\",\"quality\": \"17.97\",\"armor\": 46.9,\"bonuses\": {\"Impenetrable\": {\"icon\": \"bonus-attachment-bullets-protection\",\"description\": \"20% decreased incoming bullet damage\",\"bonus\": \"Impenetrable\",\"value\": 20}}},\"12102725666\": {\"ID\": 666,\"UID\": 12102725666,\"name\": \"Assault Body\",\"quality\": \"7.25\",\"armor\": 46.36,\"bonuses\": {\"Impenetrable\": {\"icon\": \"bonus-attachment-bullets-protection\",\"description\": \"20% decreased incoming bullet damage\",\"bonus\": \"Impenetrable\",\"value\": 20}}},\"12001052916\": {\"ID\": 665,\"UID\": 12001052916,\"name\": \"Assault Helmet\",\"quality\": \"11.53\",\"armor\": 46.58,\"bonuses\": {\"Impenetrable\": {\"icon\": \"bonus-attachment-bullets-protection\",\"description\": \"20% decreased incoming bullet damage\",\"bonus\": \"Impenetrable\",\"value\": 20}}},\"11299947925\": {\"ID\": 219,\"UID\": 11299947925,\"name\": \"Enfield SA-80\",\"quality\": \"11.73\",\"damage\": 63.82,\"accuracy\": 55.35},\"10860920544\": {\"ID\": 219,\"UID\": 10860920544,\"name\": \"Enfield SA-80\",\"quality\": \"11.82\",\"damage\": 63.85,\"accuracy\": 55.33},\"12118227103\": {\"ID\": 219,\"UID\": 12118227103,\"name\": \"Enfield SA-80\",\"quality\": \"12.49\",\"damage\": 64.02,\"accuracy\": 55.23},\"12116019661\": {\"ID\": 219,\"UID\": 12116019661,\"name\": \"Enfield SA-80\",\"quality\": \"27.27\",\"damage\": 63.85,\"accuracy\": 56.87},\"11769261723\": {\"ID\": 660,\"UID\": 11769261723,\"name\": \"Dune Helmet\",\"quality\": \"1.28\",\"armor\": 44.06,\"bonuses\": {\"Insurmountable\": {\"icon\": \"bonus-attachment-quarter-life-damage-mitigation\",\"description\": \"30% decreased incoming damage when below ÃÂ¼ life\",\"bonus\": \"Insurmountable\",\"value\": 30}}},\"11185932626\": {\"ID\": 175,\"UID\": 11185932626,\"name\": \"Taser\",\"quality\": \"32.77\",\"damage\": 1.55,\"accuracy\": 56.72,\"bonuses\": {\"Shock\": {\"icon\": \"bonus-attachment-shock\",\"description\": \"100% chance to Shock opponent causing them to miss the next turn\",\"bonus\": \"Shock\",\"value\": 100}}},\"11165588536\": {\"ID\": 230,\"UID\": 11165588536,\"name\": \"Flare Gun\",\"quality\": \"3.79\",\"damage\": 18.1,\"accuracy\": 22.28},\"5977722280\": {\"ID\": 63,\"UID\": 5977722280,\"name\": \"Minigun\",\"quality\": \"31.62\",\"damage\": 72.15,\"accuracy\": 31.01},\"5918605090\": {\"ID\": 348,\"UID\": 5918605090,\"name\": \"Hazmat Suit\",\"quality\": \"3.02\",\"armor\": 10.15,\"bonuses\": {\"Radiation Protection\": {\"icon\": \"bonus-attachment-item-radiation-bonus\",\"description\": \"Protects from Radiation\",\"bonus\": \"Radiation Protection\",\"value\": null}}},\"11907816324\": {\"ID\": 675,\"UID\": 11907816324,\"name\": \"Marauder Face Mask\",\"quality\": \"12.83\",\"armor\": 40.64,\"bonuses\": {\"Imperviable\": {\"icon\": \"bonus-attachment-life-bonus\",\"description\": \"6% increased life\",\"bonus\": \"Imperviable\",\"value\": 6}}},\"10383338800\": {\"ID\": 674,\"UID\": 10383338800,\"name\": \"Delta Gloves\",\"quality\": \"1.43\",\"armor\": 49.07,\"bonuses\": {\"Invulnerable\": {\"icon\": \"bonus-attachment-negative-status_mitigation\",\"description\": \"4% reduced negative status effects\",\"bonus\": \"Invulnerable\",\"value\": 4}}},\"11869061088\": {\"ID\": 673,\"UID\": 11869061088,\"name\": \"Delta Boots\",\"quality\": \"2.45\",\"armor\": 49.12,\"bonuses\": {\"Invulnerable\": {\"icon\": \"bonus-attachment-negative-status_mitigation\",\"description\": \"4% reduced negative status effects\",\"bonus\": \"Invulnerable\",\"value\": 4}}},\"12120961850\": {\"ID\": 672,\"UID\": 12120961850,\"name\": \"Delta Pants\",\"quality\": \"34.29\",\"armor\": 50.71,\"bonuses\": {\"Invulnerable\": {\"icon\": \"bonus-attachment-negative-status_mitigation\",\"description\": \"7% reduced negative status effects\",\"bonus\": \"Invulnerable\",\"value\": 7}}},\"11541336507\": {\"ID\": 671,\"UID\": 11541336507,\"name\": \"Delta Body\",\"quality\": \"1.36\",\"armor\": 49.07,\"bonuses\": {\"Invulnerable\": {\"icon\": \"bonus-attachment-negative-status_mitigation\",\"description\": \"8% reduced negative status effects\",\"bonus\": \"Invulnerable\",\"value\": 8}}},\"12107860573\": {\"ID\": 670,\"UID\": 12107860573,\"name\": \"Delta Gas Mask\",\"quality\": \"14.48\",\"armor\": 49.72,\"bonuses\": {\"Invulnerable\": {\"icon\": \"bonus-attachment-negative-status_mitigation\",\"description\": \"12% reduced negative status effects\",\"bonus\": \"Invulnerable\",\"value\": 12}}},\"8156474672\": {\"ID\": 614,\"UID\": 8156474672,\"name\": \"Diamond Bladed Knife\",\"quality\": \"46.47\",\"damage\": 61.97,\"accuracy\": 64.68},\"11320003243\": {\"ID\": 614,\"UID\": 11320003243,\"name\": \"Diamond Bladed Knife\",\"quality\": \"30.05\",\"damage\": 62.32,\"accuracy\": 62.68},\"10405311638\": {\"ID\": 614,\"UID\": 10405311638,\"name\": \"Diamond Bladed Knife\",\"quality\": \"5.62\",\"damage\": 60.42,\"accuracy\": 62.14},\"12174892144\": {\"ID\": 675,\"UID\": 12174892144,\"name\": \"Marauder Face Mask\",\"quality\": \"6.16\",\"armor\": 40.31,\"bonuses\": {\"Imperviable\": {\"icon\": \"bonus-attachment-life-bonus\",\"description\": \"5% increased life\",\"bonus\": \"Imperviable\",\"value\": 5}}},\"10510625212\": {\"ID\": 670,\"UID\": 10510625212,\"name\": \"Delta Gas Mask\",\"quality\": \"15.18\",\"armor\": 49.76,\"bonuses\": {\"Invulnerable\": {\"icon\": \"bonus-attachment-negative-status_mitigation\",\"description\": \"12% reduced negative status effects\",\"bonus\": \"Invulnerable\",\"value\": 12}}},\"9233784615\": {\"ID\": 252,\"UID\": 9233784615,\"name\": \"Ithaca 37\",\"quality\": \"91.52\",\"damage\": 54.45,\"accuracy\": 65.7,\"bonuses\": {\"Deadly\": {\"icon\": \"bonus-attachment-deadly\",\"description\": \"2% chance of a deadly hit\",\"bonus\": \"Deadly\",\"value\": 2}}},\"12230960778\": {\"ID\": 219,\"UID\": 12230960778,\"name\": \"Enfield SA-80\",\"quality\": \"168.62\",\"damage\": 72.02,\"accuracy\": 62.84,\"bonuses\": {\"Assassinate\": {\"icon\": \"bonus-attachment-assassinate\",\"description\": \"83% increased damage on the first turn\",\"bonus\": \"Assassinate\",\"value\": 83}}},\"12603061047\": {\"ID\": 655,\"UID\": 12603061047,\"name\": \"Riot Helmet\",\"quality\": \"17.95\",\"armor\": 35.9,\"bonuses\": {\"Impregnable\": {\"icon\": \"bonus-attachment-melee-protection\",\"description\": \"22% decreased incoming melee damage\",\"bonus\": \"Impregnable\",\"value\": 22}}},\"12602875050\": {\"ID\": 657,\"UID\": 12602875050,\"name\": \"Riot Pants\",\"quality\": \"6.71\",\"armor\": 45.34,\"bonuses\": {\"Impregnable\": {\"icon\": \"bonus-attachment-melee-protection\",\"description\": \"20% decreased incoming melee damage\",\"bonus\": \"Impregnable\",\"value\": 20}}},\"12653645422\": {\"ID\": 659,\"UID\": 12653645422,\"name\": \"Riot Gloves\",\"quality\": \"20.25\",\"armor\": 46.01,\"bonuses\": {\"Impregnable\": {\"icon\": \"bonus-attachment-melee-protection\",\"description\": \"22% decreased incoming melee damage\",\"bonus\": \"Impregnable\",\"value\": 22}}},\"12613159162\": {\"ID\": 658,\"UID\": 12613159162,\"name\": \"Riot Boots\",\"quality\": \"0.76\",\"armor\": 45.04,\"bonuses\": {\"Impregnable\": {\"icon\": \"bonus-attachment-melee-protection\",\"description\": \"23% decreased incoming melee damage\",\"bonus\": \"Impregnable\",\"value\": 23}}},\"12649607491\": {\"ID\": 656,\"UID\": 12649607491,\"name\": \"Riot Body\",\"quality\": \"9.45\",\"armor\": 45.47,\"bonuses\": {\"Impregnable\": {\"icon\": \"bonus-attachment-melee-protection\",\"description\": \"23% decreased incoming melee damage\",\"bonus\": \"Impregnable\",\"value\": 23}}},\"12455174162\": {\"ID\": 26,\"UID\": 12455174162,\"name\": \"AK-47\",\"quality\": \"20.70\",\"damage\": 57.46,\"accuracy\": 52.61},\"12730677624\": {\"ID\": 395,\"UID\": 12730677624,\"name\": \"Metal Nunchaku\",\"quality\": \"1.11\",\"damage\": 61.05,\"accuracy\": 60.06}}"}}