{"options":{"check_for_updates":true,"comment":null,"compat_foreach":false,"compat_metadata":false,"compat_powerful_this":null,"compat_wrappedjsobject":false,"compatopts_for_requires":true,"noframes":null,"override":{"merge_connects":true,"merge_excludes":true,"merge_includes":true,"merge_matches":true,"orig_connects":[],"orig_excludes":[],"orig_includes":[],"orig_matches":["https://www.torn.com/page.php?sid=racing*","https://www.torn.com/loader.php?sid=racing*"],"orig_noframes":null,"orig_run_at":"document-idle","orig_run_in":[],"orig_tags":[],"use_blockers":[],"use_connects":[],"use_excludes":[],"use_includes":[],"use_matches":[]},"run_at":null,"run_in":null,"sandbox":null,"tags":[],"unwrap":null,"user_modified":null},"settings":{"enabled":true,"position":10},"meta":{"name":"Racing: Car Templates","uuid":"1252b589-be4a-45d0-b6b0-58e387ec62a2","modified":1732317083058,"file_url":"https://update.greasyfork.org/scripts/487945/Racing%3A%20Car%20Templates.user.js"}}