{"options":{"check_for_updates":true,"comment":null,"compat_foreach":false,"compat_metadata":false,"compat_powerful_this":null,"compat_wrappedjsobject":false,"compatopts_for_requires":true,"noframes":null,"override":{"merge_connects":true,"merge_excludes":true,"merge_includes":true,"merge_matches":true,"orig_connects":["tornplayground.eu","api.torn.com"],"orig_excludes":[],"orig_includes":[],"orig_matches":["https://www.torn.com/loader.php?sid=missions*"],"orig_noframes":null,"orig_run_at":"document-end","orig_run_in":[],"use_blockers":[],"use_connects":[],"use_excludes":[],"use_includes":[],"use_matches":[]},"run_at":null,"run_in":null,"sandbox":null,"tags":[],"unwrap":null,"user_modified":null},"settings":{"enabled":true,"position":5},"meta":{"name":"TORN: Mission Reward Information","uuid":"c133fc73-7ad6-4c15-943a-d8ea709fd607","modified":1719488851431,"file_url":"https://update.greasyfork.org/scripts/395668/TORN%3A%20Mission%20Reward%20Information.user.js"}}