{"options":{"check_for_updates":true,"comment":null,"compat_foreach":false,"compat_metadata":false,"compat_powerful_this":null,"compat_wrappedjsobject":false,"compatopts_for_requires":true,"noframes":null,"override":{"merge_connects":true,"merge_excludes":true,"merge_includes":true,"merge_matches":true,"orig_connects":["api.torn.com","race-skins.brainslug.nl"],"orig_excludes":[],"orig_includes":[],"orig_matches":["https://www.torn.com/loader.php?sid=racing"],"orig_noframes":null,"orig_run_at":"document-body","orig_run_in":[],"use_blockers":[],"use_connects":[],"use_excludes":[],"use_includes":[],"use_matches":[]},"run_at":null,"run_in":null,"sandbox":null,"tags":[],"unwrap":null,"user_modified":1713867086225},"settings":{"enabled":true,"position":7},"meta":{"name":"Torn: Racing enhancements","uuid":"ae69b3cf-bfd8-4de6-b215-439cc9f630ae","modified":1719488851432,"file_url":"https://github.com/f2404/torn-userscripts/raw/master/racing_show_speed.user.js"}}