{"options":{"check_for_updates":true,"comment":null,"compat_foreach":false,"compat_metadata":false,"compat_powerful_this":null,"compat_wrappedjsobject":false,"compatopts_for_requires":true,"noframes":null,"override":{"merge_connects":true,"merge_excludes":true,"merge_includes":true,"merge_matches":true,"orig_connects":["api.torn.com","tsc.diicot.cc"],"orig_excludes":[],"orig_includes":[],"orig_matches":["https://www.torn.com/profiles.php?*","https://www.torn.com/factions.php*","https://www.torn.com/joblist.php*","https://www.torn.com/index.php?page=people*","https://www.torn.com/pmarket.php","https://www.torn.com/loader.php?sid=attack&user2ID=*"],"orig_noframes":null,"orig_run_at":"document-end","orig_run_in":[],"orig_tags":[],"use_blockers":[],"use_connects":[],"use_excludes":[],"use_includes":[],"use_matches":[]},"run_at":null,"run_in":null,"sandbox":null,"tags":[],"unwrap":null,"user_modified":null},"settings":{"enabled":true,"position":9},"meta":{"name":"TSC Companion - Next","uuid":"9c3f13eb-401f-4259-b130-b07293e3394a","modified":1742077635655,"file_url":"https://github.com/LeoMavri/TSC-Companion/raw/next/dist/tsc-companion.user.js"}}